intentionId,taskId
int_283d35d3470e,task_4991105788054a80b62b9634d27618fe
int_baac50f41efb,task_68957970dfb04935b2096450231cfb9c
int_afd0ef3e064c,task_68957970dfb04935b2096450231cfb9c
int_25be094be762,task_68957970dfb04935b2096450231cfb9c
int_afd0ef3e064c,task_bbf62d52e8da496d9c4ca091a5fd76f4
int_519c9c791f2d,task_621d23d681784fcd9d73bfea34d56ee0
int_258624303257,task_621d23d681784fcd9d73bfea34d56ee0
int_d544a8bd4b29,task_621d23d681784fcd9d73bfea34d56ee0
int_283d35d3470e,task_e92781a416e44f4d9399d7397425c53c
int_d544a8bd4b29,task_edc8cac046e4433fbfb9228439074824
int_283d35d3470e,task_e16c1197196c4f5b9df9762520738165
int_d544a8bd4b29,task_9220f74b225440a484805ba77ad4a243
int_659fa11ee569,task_9220f74b225440a484805ba77ad4a243
int_50e702a472e8,task_9220f74b225440a484805ba77ad4a243
int_e755332e2ee7,task_4dc73b7b926646a9a256a293f9bf35e9
int_afd0ef3e064c,task_4dc73b7b926646a9a256a293f9bf35e9
int_bb9a20979a3a,task_4dc73b7b926646a9a256a293f9bf35e9
int_baac50f41efb,task_1fe4e1f49b3043abaf868bfd323757ba
int_02c0bd414782,task_1fe4e1f49b3043abaf868bfd323757ba
int_e755332e2ee7,task_1fe4e1f49b3043abaf868bfd323757ba
int_bef7052523b1,task_7c785f6b174a44469e73bf3e43e81897
int_e755332e2ee7,task_bbd842321d504a9f9c5b4d17a3361831
int_bef7052523b1,task_bbd842321d504a9f9c5b4d17a3361831
int_ea14b048b6cb,task_bbd842321d504a9f9c5b4d17a3361831
int_d544a8bd4b29,task_6074311036684bd998e4e949464a6eef
int_afd0ef3e064c,task_8ed776f1c25c4fec88e851b0a17bbca6
int_42f578a7e656,task_8ed776f1c25c4fec88e851b0a17bbca6
int_afd0ef3e064c,task_2f5935edf2f64e1599dd434401aecee1
int_bef7052523b1,task_2f5935edf2f64e1599dd434401aecee1
int_baac50f41efb,task_f727682c853942409319965f2898719b
int_02c0bd414782,task_f727682c853942409319965f2898719b
int_25be094be762,task_f0e02325502d4fe9af83641b15502af4
int_afd0ef3e064c,task_7d9927cdc89a4f8b8dbfeb76fc7945bb
int_25be094be762,task_7d9927cdc89a4f8b8dbfeb76fc7945bb
int_d544a8bd4b29,task_7d9927cdc89a4f8b8dbfeb76fc7945bb
int_258624303257,task_35e2b3ed5f80417dae9b273f1a1d3bbd
int_659fa11ee569,task_969b5c1b050041d18e50cc212527887b
int_258624303257,task_969b5c1b050041d18e50cc212527887b
int_afd0ef3e064c,task_969b5c1b050041d18e50cc212527887b
int_519c9c791f2d,task_85ad7060473347928c6e1dfe92101f0e
int_283d35d3470e,task_85ad7060473347928c6e1dfe92101f0e
int_50e702a472e8,task_85ad7060473347928c6e1dfe92101f0e
int_258624303257,task_8ec86d898c47471ba3ab986ad22e60f6
int_bb9a20979a3a,task_c8b4e8c6d35341f1b3878a6864c80748
int_02c0bd414782,task_e0302f591b7c499a865569fb72026ff1
int_25be094be762,task_4867d8b6a86440ccb32c43c0ca621f08
int_50e702a472e8,task_4867d8b6a86440ccb32c43c0ca621f08
int_11168a6dad39,task_ef6a3582f3c54b7993d2546932062472
int_3913996c95d6,task_c5228023b97c4ab1b63cca0ff03d646e
int_3482eb56c67b,task_c5228023b97c4ab1b63cca0ff03d646e
int_f4640a85efa3,task_879f332df8ce4f0695e2f2319263bac4
int_3dd71d08e2af,task_879f332df8ce4f0695e2f2319263bac4
int_6f78fd814239,task_39cb13dd8fe44a3ea3ffb71171054baa
int_72a8e5581e0b,task_39cb13dd8fe44a3ea3ffb71171054baa
int_11168a6dad39,task_39cb13dd8fe44a3ea3ffb71171054baa
int_6f78fd814239,task_48ced1add72444e3ba62baa77a93166d
int_4367f8f90dae,task_d5e8309b4815460a981d8054049eadb6
int_097654df2208,task_d5e8309b4815460a981d8054049eadb6
int_214af657adf6,task_2392135ad83046c2a07ff99ac738807d
int_3482eb56c67b,task_2392135ad83046c2a07ff99ac738807d
int_6f78fd814239,task_2392135ad83046c2a07ff99ac738807d
int_214af657adf6,task_d82aaaa2326a4e2d9d719b30496d348b
int_3482eb56c67b,task_cf3dc9345a0140559b231cb4f09b3909
int_72a8e5581e0b,task_2fb8c7c01a1646a4b17b5bcd9e438f84
int_574cefae92a4,task_2fb8c7c01a1646a4b17b5bcd9e438f84
int_3482eb56c67b,task_bface01d9a754fcb91cdcb4ed5a0491b
int_4920dbe3c80f,task_8f8777fd47424e94b2abfa3974a9e3fd
int_68e625570b2e,task_61e2db1f80574e3ca510ef9f2fffd281
int_f4640a85efa3,task_61e2db1f80574e3ca510ef9f2fffd281
int_097654df2208,task_bc11e3327788408f8433708d8a8180d5
int_1e9b7d62f787,task_bc11e3327788408f8433708d8a8180d5
int_72a8e5581e0b,task_780bc264448d42239adbea27428c94a7
int_11168a6dad39,task_780bc264448d42239adbea27428c94a7
int_3dd71d08e2af,task_780bc264448d42239adbea27428c94a7
int_4367f8f90dae,task_15989d9b1d0843a4a8ed171812ef8801
int_6f78fd814239,task_15989d9b1d0843a4a8ed171812ef8801
int_097654df2208,task_bdf2ffca6c07420a90d61fd3c79bfc1e
int_4920dbe3c80f,task_425bf7722e3c43739786d69895474b18
int_574cefae92a4,task_425bf7722e3c43739786d69895474b18
int_4367f8f90dae,task_425bf7722e3c43739786d69895474b18
int_1e9b7d62f787,task_63bf7222f7564f39ad079f5156aab7f2
int_6f78fd814239,task_a98a2031fab748bd9638cf22e0d20a68
int_e19f054ba925,task_033417470f1f468bb8b1538b8777d4ae
int_73e45175b58c,task_033417470f1f468bb8b1538b8777d4ae
int_062b146729e2,task_bad1b5683cf14744a9a5418d0452d250
int_e19f054ba925,task_bad1b5683cf14744a9a5418d0452d250
int_6e83e65924df,task_b8132f0b43d14eed98f3aadffbeca326
int_1ea09bd1df14,task_b8132f0b43d14eed98f3aadffbeca326
int_1297ace85062,task_38f276bf941b4d429020634b1ce7e744
int_85cc01563df9,task_38f276bf941b4d429020634b1ce7e744
int_73e45175b58c,task_38f276bf941b4d429020634b1ce7e744
int_6e83e65924df,task_0246a1e5c8b24fe5934e755e256188b4
int_1ea09bd1df14,task_0246a1e5c8b24fe5934e755e256188b4
int_ed1caab246dd,task_0246a1e5c8b24fe5934e755e256188b4
int_1ea09bd1df14,task_e1e1eadd384342ed920c32a260fcf810
int_b2b01668d7df,task_c0091c2dc41340bdaaddcb74490b54ab
int_7c0df8af897d,task_c0091c2dc41340bdaaddcb74490b54ab
int_a0847fad5b7b,task_8a87d0e98fbf49f5abdaf45ecf5b4adb
int_1ea09bd1df14,task_8ddc5c26c0204ff78dd0f17b9c4ac104
int_6e83e65924df,task_8ddc5c26c0204ff78dd0f17b9c4ac104
int_b2b01668d7df,task_8ddc5c26c0204ff78dd0f17b9c4ac104
int_73e45175b58c,task_226284bede6d4ac6bda9ec84044dbfa8
int_85cc01563df9,task_226284bede6d4ac6bda9ec84044dbfa8
int_1ea09bd1df14,task_226284bede6d4ac6bda9ec84044dbfa8
int_6e83e65924df,task_2926f276925f4feabf64fe57326a742f
int_e19f054ba925,task_2926f276925f4feabf64fe57326a742f
int_4e6e504fb849,task_2926f276925f4feabf64fe57326a742f
int_ed1caab246dd,task_0aae17012a124eab93c105c06764ab44
int_6e83e65924df,task_3040d22c86a44cbbb7874be471741c19
int_1297ace85062,task_752ab66ab5f746c4a645b42b50f72ed1
int_e19f054ba925,task_752ab66ab5f746c4a645b42b50f72ed1
int_ed1caab246dd,task_752ab66ab5f746c4a645b42b50f72ed1
int_1297ace85062,task_da98889e9d4c45c5971ffb49bf189aa5
int_73e45175b58c,task_da98889e9d4c45c5971ffb49bf189aa5
int_1ea09bd1df14,task_5de5db5d28814e37b12b70e170cdd5f5
int_4e6e504fb849,task_5de5db5d28814e37b12b70e170cdd5f5
int_4e6e504fb849,task_aa01269f0a0f433e93f34c7a35e586e3
int_73e45175b58c,task_010db914b068432bb02b8789e40df47c
int_a0847fad5b7b,task_010db914b068432bb02b8789e40df47c
int_7c0df8af897d,task_010db914b068432bb02b8789e40df47c
int_6e83e65924df,task_fd551da7dfe347a5afa94accb42f5b41
int_b2b01668d7df,task_31599e46b50f41ddbe35a41ea965415d
int_7c0df8af897d,task_8d0544d14c834c3e818a267bddb53728
int_6e83e65924df,task_8d0544d14c834c3e818a267bddb53728
int_b2b01668d7df,task_8d0544d14c834c3e818a267bddb53728
int_6e83e65924df,task_0ed878f2263c4c5a865a5330ebf23e5d
int_e19f054ba925,task_0ed878f2263c4c5a865a5330ebf23e5d
int_4e6e504fb849,task_85d1f05406004922906286497f67431b
int_6e83e65924df,task_85d1f05406004922906286497f67431b
int_a0847fad5b7b,task_c947f9394ad9420c9cb0d5761fde09c9
int_4e6e504fb849,task_c947f9394ad9420c9cb0d5761fde09c9
int_1ea09bd1df14,task_c947f9394ad9420c9cb0d5761fde09c9
int_85cc01563df9,task_fe116a8bbd2040c2ab6092bf2abcfe16
int_a0847fad5b7b,task_fe116a8bbd2040c2ab6092bf2abcfe16
int_09fd984ec508,task_5527d0c0045a4b8793f7a546efdca1ad
int_20947e5e83aa,task_5527d0c0045a4b8793f7a546efdca1ad
int_464abf73d00f,task_253fc845f5dd43d59575bcb8f2496a37
int_a523a986ccfc,task_4ebf459dcc864e9d91b46e52b02c8069
int_b4896db04d67,task_b45ee60641064bb992ddafe8bf311611
int_8ff680f2e639,task_b45ee60641064bb992ddafe8bf311611
int_464abf73d00f,task_8b347cb78cf34d4fa384863aec64ae4a
int_8ff680f2e639,task_8b347cb78cf34d4fa384863aec64ae4a
int_ddf17c86cf94,task_8b347cb78cf34d4fa384863aec64ae4a
int_a523a986ccfc,task_294d2d33c012457f9c5d08c9b2fccfb9
int_afb2df6ba5e9,task_80bce95997a64c75a3bb3243a43a1011
int_b4896db04d67,task_80bce95997a64c75a3bb3243a43a1011
int_464abf73d00f,task_80bce95997a64c75a3bb3243a43a1011
int_b4896db04d67,task_b0d916d322ea4a3683a84094237b3fc9
int_a523a986ccfc,task_fc0fcfb9ee6e43c691728c0a032f5913
int_09fd984ec508,task_fc0fcfb9ee6e43c691728c0a032f5913
int_0df4b750396e,task_a89241a5e24e4215ae6edc1f0d497fb7
int_20947e5e83aa,task_36f4e323254b4983b0c704989e4160f9
int_464abf73d00f,task_36f4e323254b4983b0c704989e4160f9
int_09fd984ec508,task_36f4e323254b4983b0c704989e4160f9
int_357fbf057987,task_3d43d0722d664cd081b0473b68c039b3
int_8ff680f2e639,task_3b908c791ce04ecd818473520c1f0309
int_20947e5e83aa,task_3b908c791ce04ecd818473520c1f0309
int_464abf73d00f,task_3b908c791ce04ecd818473520c1f0309
int_a2ecfdaa2937,task_cdf2ed23be2d4322a5af3320f3e47a92
int_16bbc7da9c26,task_cdf2ed23be2d4322a5af3320f3e47a92
int_a523a986ccfc,task_52003ea274fc4cb6b44c0ba12dc08ea1
int_afb2df6ba5e9,task_ad054d8483f5417ba4e2754fde228f00
int_2c36a0f6bd7d,task_0db35c1298d344a9b31c3690e62d8b5a
int_16bbc7da9c26,task_0db35c1298d344a9b31c3690e62d8b5a
int_20947e5e83aa,task_eac1d1f970ff4c97984802645732912d
int_357fbf057987,task_eac1d1f970ff4c97984802645732912d
int_afb2df6ba5e9,task_b2c46d34a900480f88d8f2de1544d8f2
int_afb2df6ba5e9,task_db880c9b397543329adddf2d712aacaa
int_a523a986ccfc,task_db880c9b397543329adddf2d712aacaa
int_b4896db04d67,task_db880c9b397543329adddf2d712aacaa
int_4f8354a835d5,task_c526d4396fd2477c882732a940317045
int_fd7e664fd577,task_c526d4396fd2477c882732a940317045
int_b4a98cdfd900,task_c526d4396fd2477c882732a940317045
int_e08cefd8059f,task_309883b1fa5b43b6ac0b926994f9d6eb
int_1c9a5ddacad3,task_c80501b356e043019b4f06bb7f38e46f
int_8263cb65dedd,task_9601203f7a914ad7adef4c1dac56979b
int_37b7807f3402,task_9601203f7a914ad7adef4c1dac56979b
int_643119e8057f,task_b3581ddbe37144bdbbe1bfa6d189d0d4
int_e08cefd8059f,task_ee9b4429a0314efbb38336a3feca2c1c
int_43121db87210,task_ee9b4429a0314efbb38336a3feca2c1c
int_1d10cc0e13d6,task_1a90369c9e4a4b71bba7a88f53badd15
int_b4a98cdfd900,task_19fcf95b60e146e791a6f86d1fbf5741
int_b622f01d4f88,task_19fcf95b60e146e791a6f86d1fbf5741
int_7cab0346c772,task_19fcf95b60e146e791a6f86d1fbf5741
int_43121db87210,task_5536642044914de9b390f801358210bb
int_b622f01d4f88,task_5536642044914de9b390f801358210bb
int_b4a98cdfd900,task_5536642044914de9b390f801358210bb
int_8263cb65dedd,task_efc41c5528b84bdd9cbea2acd9b8e477
int_1d10cc0e13d6,task_9f77d6d3cb134b02b9b86e64c2d0691b
int_f6822fc43f38,task_9f77d6d3cb134b02b9b86e64c2d0691b
int_43121db87210,task_c0db1c5146ec4b61a88654e58b047f4c
int_f6822fc43f38,task_77bf12b3199e4eafa2830431bae671c4
int_b622f01d4f88,task_77bf12b3199e4eafa2830431bae671c4
int_37b7807f3402,task_675c8d9d3ed04c0cbf93e04e6e26e3a9
int_37b7807f3402,task_9de80be471d0481198ac0e49b32a544d
int_f6822fc43f38,task_6b54f47b185e45d18c9bde32dcda241f
int_fd7e664fd577,task_6b54f47b185e45d18c9bde32dcda241f
int_643119e8057f,task_1138ce12d37c4cb18a17af441b07752e
int_37b7807f3402,task_1138ce12d37c4cb18a17af441b07752e
int_0397497e51c3,task_80d4b029e2ef41ab9a0ccd0119179624
int_fd7e664fd577,task_80d4b029e2ef41ab9a0ccd0119179624
int_1c9a5ddacad3,task_80d4b029e2ef41ab9a0ccd0119179624
int_0397497e51c3,task_b3ff34784bab471bb107d9aaf848128b
int_1d10cc0e13d6,task_b3ff34784bab471bb107d9aaf848128b
int_8263cb65dedd,task_b3ff34784bab471bb107d9aaf848128b
int_643119e8057f,task_47f540c7881f4314a70a65f03ed4ee16
int_b622f01d4f88,task_8e9d1f6048284a6ca43d5d795f1d4264
int_3e2a619b05ec,task_62da89a4ac6241a69491f5372e76b1e9
int_85ecde707618,task_62da89a4ac6241a69491f5372e76b1e9
int_8933ae25e512,task_62da89a4ac6241a69491f5372e76b1e9
int_85ecde707618,task_3733f5ff6a1b4686a6845e89898675b6
int_865f206861d5,task_3cc450b6955b453dab577c10f0c3015b
int_3e2a619b05ec,task_3cc450b6955b453dab577c10f0c3015b
int_3ef36b2deb34,task_3cc450b6955b453dab577c10f0c3015b
int_85ecde707618,task_45ffe42648464c358ba15c1a73bd13bc
int_69321699340f,task_6e9df4fb863c4a46b031031e07e7de9b
int_231b6f05fe1a,task_6e9df4fb863c4a46b031031e07e7de9b
int_fbfac545573b,task_6e9df4fb863c4a46b031031e07e7de9b
int_69321699340f,task_94f698a40c6c48158291cc0ea0fbbedf
int_5c5d47768d79,task_94f698a40c6c48158291cc0ea0fbbedf
int_e2fb5ed19d52,task_94f698a40c6c48158291cc0ea0fbbedf
int_69321699340f,task_f2c8226998ec41d28a3b48fdd9eb20b8
int_5788fb7d4d88,task_f2c8226998ec41d28a3b48fdd9eb20b8
int_5788fb7d4d88,task_1dbc660678494ca9a61d6e366ecbe2fd
int_85ecde707618,task_4138ac331da4466ba304e857acc037cb
int_5788fb7d4d88,task_4138ac331da4466ba304e857acc037cb
int_69321699340f,task_4138ac331da4466ba304e857acc037cb
int_5c5d47768d79,task_635557531c08443a9cd48bfc53a0756f
int_5788fb7d4d88,task_635557531c08443a9cd48bfc53a0756f
int_3e2a619b05ec,task_2a8e4ef401bd44d9b540396d18296102
int_8933ae25e512,task_2a8e4ef401bd44d9b540396d18296102
int_5b4fb2fd9247,task_2a8e4ef401bd44d9b540396d18296102
int_5c5d47768d79,task_dfb08f6896f2475c93951cfeab514b3b
int_8933ae25e512,task_4402e8a2f962474db06cf952a2f0e5e3
int_e2fb5ed19d52,task_4402e8a2f962474db06cf952a2f0e5e3
int_5b4fb2fd9247,task_4402e8a2f962474db06cf952a2f0e5e3
int_231b6f05fe1a,task_cf85eea026d348038cf3e451af4552f8
int_5c5d47768d79,task_cf85eea026d348038cf3e451af4552f8
int_5b4fb2fd9247,task_742a1346be8e423490fd1e026f9b81b7
int_865f206861d5,task_742a1346be8e423490fd1e026f9b81b7
int_8933ae25e512,task_742a1346be8e423490fd1e026f9b81b7
int_85ecde707618,task_291fb37408a3436c926db89a81253ddb
int_5788fb7d4d88,task_6896f365477441f5b27f793b6af9aa44
int_fbfac545573b,task_6896f365477441f5b27f793b6af9aa44
int_69321699340f,task_974963a8b11f47f6bdd38d67cade07e6
int_e2fb5ed19d52,task_c0ce87f63fcd4d4cbc3167f59fef54a6
int_3e2a619b05ec,task_c0ce87f63fcd4d4cbc3167f59fef54a6
int_5b4fb2fd9247,task_c0ce87f63fcd4d4cbc3167f59fef54a6
int_8933ae25e512,task_8b5d51d515584c7f8768285612b3745c
int_e2fb5ed19d52,task_70e51cd2521a431ab1247e5d9f85a1fc
int_5b4fb2fd9247,task_fef2fec7ab964def80da6c49d44bd095
int_231b6f05fe1a,task_fef2fec7ab964def80da6c49d44bd095
int_3e2a619b05ec,task_74c9eba67c874847b1e6e0f07a495f4b
int_3ef36b2deb34,task_74c9eba67c874847b1e6e0f07a495f4b
int_5788fb7d4d88,task_5834a93fa1f544d99b76803a35fab7b2
int_5c5d47768d79,task_5834a93fa1f544d99b76803a35fab7b2
int_b777d627161d,task_96b0b3cd14d44ac7b2a99a46d522b3f4
int_22d64a199816,task_7cde06b957c640c28e452c15b30d0142
int_b777d627161d,task_7cde06b957c640c28e452c15b30d0142
int_02a39a215af5,task_7cde06b957c640c28e452c15b30d0142
int_22d64a199816,task_138f845889494402ad933fa581357031
int_02a39a215af5,task_339fd20566f9430f8325e19e294a368d
int_644da0194cf6,task_91db5d660af04c56ba7c39f949b6a3ef
int_a95744a54fdf,task_91db5d660af04c56ba7c39f949b6a3ef
int_22d64a199816,task_91db5d660af04c56ba7c39f949b6a3ef
int_4609b8ee7d23,task_3a8f02a009a04445be2fc343ba02a350
int_814391dc6767,task_3a8f02a009a04445be2fc343ba02a350
int_49e75379f088,task_5de6210e438d4125b3506bea70d79ded
int_814391dc6767,task_5de6210e438d4125b3506bea70d79ded
int_b777d627161d,task_5de6210e438d4125b3506bea70d79ded
int_b5d9dae1959a,task_f221f33c007048058f10dfc7a800abe0
int_22d64a199816,task_f221f33c007048058f10dfc7a800abe0
int_644da0194cf6,task_f221f33c007048058f10dfc7a800abe0
int_22d64a199816,task_e0fa2e6475284d4c93172f6debeb1baa
int_a893c5847536,task_e0fa2e6475284d4c93172f6debeb1baa
int_b777d627161d,task_e1a295d6b6484e9fab29234a2f51b455
int_b5d9dae1959a,task_9ee2b01518784476af034d50e32198d1
int_22d64a199816,task_9ee2b01518784476af034d50e32198d1
int_a893c5847536,task_8ac5b77c22414a679d301570d4e76af5
int_9b1bb0443e0c,task_61bad1dacc6a4eb6ab51042d5c632f6b
int_a95744a54fdf,task_61bad1dacc6a4eb6ab51042d5c632f6b
int_22d64a199816,task_bcf9e8997d3540a9bb72fc81fce7e897
int_a95744a54fdf,task_bcf9e8997d3540a9bb72fc81fce7e897
int_e950ade78c9e,task_bcf9e8997d3540a9bb72fc81fce7e897
int_644da0194cf6,task_119cf07249464a1094342f456ad619da
int_e950ade78c9e,task_119cf07249464a1094342f456ad619da
int_644da0194cf6,task_46dba54213c241fe82b06019f4f72b8c
int_a893c5847536,task_46dba54213c241fe82b06019f4f72b8c
int_02a39a215af5,task_9b655cdd40b542b69b88f54cd602be35
int_a95744a54fdf,task_002a0b9be36b4b849f645d13e2a20747
int_644da0194cf6,task_002a0b9be36b4b849f645d13e2a20747
int_a893c5847536,task_002a0b9be36b4b849f645d13e2a20747
int_4609b8ee7d23,task_bdd04ed85626423e9e581f096dfe880c
int_644da0194cf6,task_bdd04ed85626423e9e581f096dfe880c
int_54ff2b2cff75,task_3caf6ae7b928431eb17260697f5047d1
int_a893c5847536,task_024073d17ff3486ebde26b1263a41cfd
int_49e75379f088,task_8eaf993182e14d4787363cca2b14c764
int_9b1bb0443e0c,task_8eaf993182e14d4787363cca2b14c764
int_49e75379f088,task_d1823a3e816e49e4a5f98425f36122ee
int_2777db309307,task_ca4b62f59549403c9399e4ed947cad20
int_923c355b043d,task_ca4b62f59549403c9399e4ed947cad20
int_4c6402173439,task_ca4b62f59549403c9399e4ed947cad20
int_01881f524714,task_8f581fb5e50e48df93ac4129d7ae3e70
int_a03f05568d8d,task_8f581fb5e50e48df93ac4129d7ae3e70
int_2777db309307,task_8f581fb5e50e48df93ac4129d7ae3e70
int_c4d57105250c,task_5aef5999e90142faa577efcb2ff45d8c
int_c06701c4fadd,task_f4730e6d09c24ba1a18d2f885d3f3132
int_c4d57105250c,task_f4730e6d09c24ba1a18d2f885d3f3132
int_f606ff65c849,task_cf247c68129a416dac3f3b0e5e56fd2c
int_01881f524714,task_cf247c68129a416dac3f3b0e5e56fd2c
int_2777db309307,task_cf247c68129a416dac3f3b0e5e56fd2c
int_c4d57105250c,task_b46e381c36b145e6befd907d6352a827
int_923c355b043d,task_b46e381c36b145e6befd907d6352a827
int_f31c38a97558,task_55d4f4f26f9646daa86e21fe8db27782
int_976615efb9d4,task_55d4f4f26f9646daa86e21fe8db27782
int_297361ea9288,task_25fbfbd888ea4e3a8967e6df4d2119b1
int_4c6402173439,task_46ecdafa28294043906cd5803fe98314
int_7a14bb6327a4,task_46ecdafa28294043906cd5803fe98314
int_2777db309307,task_5cdfab55dea3453f9a1d91eb2bed3fc3
int_297361ea9288,task_bf43231cf1a444e9b5b46dfc5d58efae
int_f606ff65c849,task_79aa533f46e34036a89375540146c869
int_b657c839b60e,task_79aa533f46e34036a89375540146c869
int_b657c839b60e,task_3766500a84e348d6bf80b9512bf57945
int_0f2b5198a980,task_90e1181cd8e84009b245d65add759465
int_fe51dc866cd6,task_90e1181cd8e84009b245d65add759465
int_6c14e263ba65,task_587dbd686ad44493a2e22697c7e6b708
int_f606ff65c849,task_587dbd686ad44493a2e22697c7e6b708
int_c06701c4fadd,task_587dbd686ad44493a2e22697c7e6b708
int_b657c839b60e,task_7040bd388da44fb8b5cfb2136c44210e
int_b657c839b60e,task_9bf5585bec094049ac0d937415db5a05
int_923c355b043d,task_edd4674fb3294b508d039d8dc5a693cb
int_f385a0039367,task_0d485d589f6e4d83889235ba5fe885f5
int_67f67731bffd,task_0d485d589f6e4d83889235ba5fe885f5
int_c61d4ca5f8d6,task_6ec93dd90a7e4a4583843c620bcbf32f
int_4b100074fc5e,task_6ec93dd90a7e4a4583843c620bcbf32f
int_b8a2fac2ccc5,task_42f37173e2134d288db48abbefcef08c
int_c61d4ca5f8d6,task_42f37173e2134d288db48abbefcef08c
int_4b100074fc5e,task_42f37173e2134d288db48abbefcef08c
int_6d386af60a34,task_feaef921523b45a6b8f69869cdd874a7
int_67f67731bffd,task_e07ecc2d35f446ce8f99b64c96cd9381
int_d7d2006ee048,task_983b828e9f8349359e2a1db4b486a429
int_0239b4c2dfcd,task_983b828e9f8349359e2a1db4b486a429
int_5f5739ee443c,task_51c845cd2875498a9508b779bec9c177
int_67f67731bffd,task_51c845cd2875498a9508b779bec9c177
int_698ddfe60a79,task_51c845cd2875498a9508b779bec9c177
int_5f5739ee443c,task_0fab527513c040148c56d183e6b895a1
int_b44e0db02c07,task_0fab527513c040148c56d183e6b895a1
int_f385a0039367,task_0fab527513c040148c56d183e6b895a1
int_b8a2fac2ccc5,task_fe192daa0f6348b4ab49230367329524
int_5f5739ee443c,task_fe192daa0f6348b4ab49230367329524
int_4b100074fc5e,task_8fd8b8167f224455900b38faff379ed2
int_f385a0039367,task_8fd8b8167f224455900b38faff379ed2
int_698ddfe60a79,task_79842615c5fb450884a367d492e27a65
int_b8a2fac2ccc5,task_79842615c5fb450884a367d492e27a65
int_67f67731bffd,task_79842615c5fb450884a367d492e27a65
int_0239b4c2dfcd,task_5c5c580dccd74204af31b1454d68e1f7
int_6d386af60a34,task_5c5c580dccd74204af31b1454d68e1f7
int_c61d4ca5f8d6,task_ea0d20a4c2b74151a80f61eb63d7c76f
int_f385a0039367,task_ea0d20a4c2b74151a80f61eb63d7c76f
int_aacbab50ec9e,task_ea0d20a4c2b74151a80f61eb63d7c76f
int_6d386af60a34,task_7cd53f8d5aa9411a82eefca8f77bb444
int_0239b4c2dfcd,task_7cd53f8d5aa9411a82eefca8f77bb444
int_836cd460a347,task_7cd53f8d5aa9411a82eefca8f77bb444
int_c61d4ca5f8d6,task_5f59b3fa59604dd8af4b1aa1794192e3
int_c61d4ca5f8d6,task_7f2f13966c7149eca9483d274a5689aa
int_5f5739ee443c,task_7f2f13966c7149eca9483d274a5689aa
int_67f67731bffd,task_7f2f13966c7149eca9483d274a5689aa
int_4b100074fc5e,task_bb127da0f3764e82acca731201b2e699
int_6d386af60a34,task_ee5b40a179ac4dccae0ec00590316fd8
int_c61d4ca5f8d6,task_ee5b40a179ac4dccae0ec00590316fd8
int_0239b4c2dfcd,task_ee5b40a179ac4dccae0ec00590316fd8
int_6d386af60a34,task_29e433d5e6c34ecfafd0c1246421d130
int_b44e0db02c07,task_2f49f7d654004bc48302e4cab403a210
int_c61d4ca5f8d6,task_2f49f7d654004bc48302e4cab403a210
int_4b100074fc5e,task_07d92f88453440d9a39553d5816acd6b
int_5f5739ee443c,task_07d92f88453440d9a39553d5816acd6b
int_f385a0039367,task_07d92f88453440d9a39553d5816acd6b
int_46896c04a92f,task_f63e5c0b72f34a95948b40516f4be852
int_aacbab50ec9e,task_f63e5c0b72f34a95948b40516f4be852
int_b44e0db02c07,task_3768e58bc01345d982868036dde270c7
int_0239b4c2dfcd,task_3768e58bc01345d982868036dde270c7
int_46896c04a92f,task_3768e58bc01345d982868036dde270c7
int_836cd460a347,task_0c349f5c044f4083b98ad391d391d310
int_5f5739ee443c,task_0c349f5c044f4083b98ad391d391d310
int_b8a2fac2ccc5,task_0c349f5c044f4083b98ad391d391d310
int_2423fa96b51b,task_faf9409a2eed4dfbbe4e1380d4d17f46
int_3674eb2ffe23,task_faf9409a2eed4dfbbe4e1380d4d17f46
int_d4ec99ef70d4,task_faf9409a2eed4dfbbe4e1380d4d17f46
int_c9981f8614e6,task_c511e843f88c4f378e8e84a71bf0449a
int_d4ec99ef70d4,task_c511e843f88c4f378e8e84a71bf0449a
int_4aeb2a97adbe,task_c511e843f88c4f378e8e84a71bf0449a
int_54dc74ed4433,task_8cc5909fbcb342948357607094db4e41
int_d4ec99ef70d4,task_55b7714cebc6466ebfdddfda3b2c980c
int_3674eb2ffe23,task_544a1fba4f414dc1915535ddbd2cb4a6
int_ef3319385f62,task_544a1fba4f414dc1915535ddbd2cb4a6
int_4aeb2a97adbe,task_91f67f8b86ab43c3a8d4c2db3bdb3fff
int_ff4a11300e23,task_91f67f8b86ab43c3a8d4c2db3bdb3fff
int_ff4a11300e23,task_373141d7df34460cb7e57fcae927fb28
int_d4ec99ef70d4,task_373141d7df34460cb7e57fcae927fb28
int_54dc74ed4433,task_4e5698817a53423082273b4d65f84165
int_5fe498548538,task_55c2e9860e0d4a489209f39d02600e1a
int_afe67a0f4abe,task_cebe69c3bf0842d385945a3adf292f58
int_ccc209981fe6,task_b49c303120844aafa490f0fd44adaa5e
int_ef3319385f62,task_b49c303120844aafa490f0fd44adaa5e
int_0e0c595cdecf,task_b49c303120844aafa490f0fd44adaa5e
int_d4ec99ef70d4,task_14864e4d56bf4192b145bb1de60368a9
int_3623ba6ee07a,task_14864e4d56bf4192b145bb1de60368a9
int_ef3319385f62,task_14864e4d56bf4192b145bb1de60368a9
int_ef3319385f62,task_8a1030822c06453680049e6ef287c8f3
int_ccc209981fe6,task_b2b12f111cbf4e9aa94e612a617727c8
int_2423fa96b51b,task_b2b12f111cbf4e9aa94e612a617727c8
int_ef3319385f62,task_b2b12f111cbf4e9aa94e612a617727c8
int_ccc209981fe6,task_a315f361cbaf420886a1148ed7c53310
int_5fe498548538,task_a315f361cbaf420886a1148ed7c53310
int_ef3319385f62,task_a315f361cbaf420886a1148ed7c53310
int_57e550efdc20,task_b9b5d2520fc34850abe845e246213b4a
int_986abf7b7106,task_ebb9d28d588a4fb2ab548a52790d713f
int_d4ec99ef70d4,task_ebb9d28d588a4fb2ab548a52790d713f
int_986abf7b7106,task_f982d8db7d81440fa6303eb121de9f56
int_ccc209981fe6,task_f982d8db7d81440fa6303eb121de9f56
int_57e550efdc20,task_f982d8db7d81440fa6303eb121de9f56
int_d4ec99ef70d4,task_4467690e071844a6ac393fd91bc9e7da
int_986abf7b7106,task_4467690e071844a6ac393fd91bc9e7da
int_ef3319385f62,task_4467690e071844a6ac393fd91bc9e7da
int_36293df3afd1,task_09e79cc1b22d4eaa9fae10213fe43b66
int_b714e3887059,task_09e79cc1b22d4eaa9fae10213fe43b66
int_929aff7d1ec6,task_09e79cc1b22d4eaa9fae10213fe43b66
int_b72ecbc6bc97,task_56f0d8e3a4144c70903cda27e86b48a0
int_5248bf7625a8,task_56f0d8e3a4144c70903cda27e86b48a0
int_8e9bed8b6461,task_19a4f08b48a341bfab8afe04aa34e35e
int_b714e3887059,task_1c5d9516276a41e6b65d0390e0e35c6e
int_929aff7d1ec6,task_577cd3c713274159945d54b654365986
int_8e9bed8b6461,task_577cd3c713274159945d54b654365986
int_b714e3887059,task_2b5cf47c79b44597b566fff302e94b73
int_923e6f583788,task_2b5cf47c79b44597b566fff302e94b73
int_7fb8d525293a,task_2b5cf47c79b44597b566fff302e94b73
int_b72ecbc6bc97,task_fb973f2fbdeb461085200dc0f12e8fc3
int_5248bf7625a8,task_fb973f2fbdeb461085200dc0f12e8fc3
int_7fb8d525293a,task_0513171ba63b4a5b8d18830fe03fdfb2
int_bbbe349e1f54,task_0513171ba63b4a5b8d18830fe03fdfb2
int_7fb8d525293a,task_78ac88b90011417c8602c01795199c14
int_3eb7b57d7777,task_bf19c1f86e0a4154aa3ce5884f49a381
int_bbbe349e1f54,task_bf19c1f86e0a4154aa3ce5884f49a381
int_7fb8d525293a,task_a6b23ca54ddc4438813a1128fe599842
int_f550a6fe7718,task_a6b23ca54ddc4438813a1128fe599842
int_bbbe349e1f54,task_a6b23ca54ddc4438813a1128fe599842
int_36293df3afd1,task_8d17af55f92f45eb9d936bbcfef25641
int_7fb8d525293a,task_8d17af55f92f45eb9d936bbcfef25641
int_5248bf7625a8,task_191f1ffd72024fddb1c946b731db1256
int_929aff7d1ec6,task_191f1ffd72024fddb1c946b731db1256
int_b714e3887059,task_4fa54080d43a4550bea7d9a46fee805f
int_f550a6fe7718,task_4fa54080d43a4550bea7d9a46fee805f
int_929aff7d1ec6,task_4fa54080d43a4550bea7d9a46fee805f
int_7fb8d525293a,task_ab97e1437fc2476ba7f4726a39065fde
int_f550a6fe7718,task_ab97e1437fc2476ba7f4726a39065fde
int_7fb8d525293a,task_a5953bd1be614304ab102d68557edb00
int_b9ef857a258f,task_fa95b543f79a42ffb7217d55cfc3e387
int_ed7ba9bcee10,task_fa95b543f79a42ffb7217d55cfc3e387
int_4a0c42012102,task_fa95b543f79a42ffb7217d55cfc3e387
int_4a0c42012102,task_40ed4040d3c147f88778506e899062f3
int_41500363adf6,task_40ed4040d3c147f88778506e899062f3
int_7f8025e4620c,task_b9e4363eec204f88a6aa91fefa7b0f77
int_ed7ba9bcee10,task_b9e4363eec204f88a6aa91fefa7b0f77
int_41500363adf6,task_b9e4363eec204f88a6aa91fefa7b0f77
int_b9ef857a258f,task_0e2097af59e143158c27ebfaba936ed2
int_7f8025e4620c,task_0e2097af59e143158c27ebfaba936ed2
int_4379290c09af,task_0e2097af59e143158c27ebfaba936ed2
int_ed7ba9bcee10,task_e7badf8ef60843eaa0dc77f513ddf5b9
int_4a0c42012102,task_e7badf8ef60843eaa0dc77f513ddf5b9
int_913663c959ca,task_e7badf8ef60843eaa0dc77f513ddf5b9
int_7f8025e4620c,task_b7dfe244c3194f0b8cc6a809da8657c7
int_ed7ba9bcee10,task_4ba51dfc0fdb43db8e14c265631929ae
int_2a935c24117e,task_4ba51dfc0fdb43db8e14c265631929ae
int_913663c959ca,task_6d08b77f004845beb0dc2d01eb901aeb
int_2a935c24117e,task_4d9326cfd3c14a3683198ded3aaaed8e
int_ed7ba9bcee10,task_4d9326cfd3c14a3683198ded3aaaed8e
int_ed7ba9bcee10,task_4bbe8fde2c0f47f0b74f94128dd66e5e
int_a3d66ee45f42,task_4bbe8fde2c0f47f0b74f94128dd66e5e
int_913663c959ca,task_744ce1bb306c4987b7cde8159b73e592
int_a5c9b3416376,task_8744515262304e73b20ce1c0e297d98a
int_7f8025e4620c,task_4293e6ba264048cd9cf9a07d657f17dc
int_2a935c24117e,task_4293e6ba264048cd9cf9a07d657f17dc
int_26ee72d704e1,task_4293e6ba264048cd9cf9a07d657f17dc
int_4379290c09af,task_7c7864c361934316a3dd7170fe7ba1e5
int_b9ef857a258f,task_7c7864c361934316a3dd7170fe7ba1e5
int_7f8025e4620c,task_7c7864c361934316a3dd7170fe7ba1e5
int_26ee72d704e1,task_6a7219608bbe46469319d915ed6135d3
int_7f8025e4620c,task_8e240f47053244779ec4905d791159d0
int_4a0c42012102,task_c843548ce6c94c96a1a3181290eec311
int_26ee72d704e1,task_c843548ce6c94c96a1a3181290eec311
int_a5c9b3416376,task_c843548ce6c94c96a1a3181290eec311
int_b9ef857a258f,task_8a618659116e462b9edadd60294991c9
int_4379290c09af,task_8a618659116e462b9edadd60294991c9
int_26ee72d704e1,task_aced4e43bb3d4aae8f10bf1624878b7c
int_913663c959ca,task_aced4e43bb3d4aae8f10bf1624878b7c
int_a3d66ee45f42,task_aced4e43bb3d4aae8f10bf1624878b7c
int_4a0c42012102,task_f57bf80007164983bc81be5c4b87e3c4
int_41500363adf6,task_f57bf80007164983bc81be5c4b87e3c4
int_827ffdc85f3f,task_e8c09e9135d747c8b2087141e2b233c5
int_d15d118e07b1,task_e8c09e9135d747c8b2087141e2b233c5
int_a65a016b6d3e,task_e8c09e9135d747c8b2087141e2b233c5
int_d15d118e07b1,task_9c4ca084990c4752bafbe658f4b1624d
int_5ca1bece2cc9,task_9c4ca084990c4752bafbe658f4b1624d
int_8c99ba6d4604,task_0e03a305729348fb810daaffea52ffcf
int_596f9fdd029e,task_251747649bf141a983b5d92e45fd3b7d
int_ef1053255770,task_251747649bf141a983b5d92e45fd3b7d
int_acb881451b97,task_251747649bf141a983b5d92e45fd3b7d
int_9126e51bb3e9,task_0f05ba2bb50a4ebe936e4813f80fb092
int_d15d118e07b1,task_0f05ba2bb50a4ebe936e4813f80fb092
int_5ca1bece2cc9,task_0f05ba2bb50a4ebe936e4813f80fb092
int_ea105561966f,task_57efad6608a64fa5b217897f3b0e2f30
int_596f9fdd029e,task_57efad6608a64fa5b217897f3b0e2f30
int_9126e51bb3e9,task_57efad6608a64fa5b217897f3b0e2f30
int_827ffdc85f3f,task_2989997263d94a03b11dff864eb3f275
int_ea105561966f,task_98b4c5d343d44260b9576674b40010f5
int_596f9fdd029e,task_98b4c5d343d44260b9576674b40010f5
int_acb881451b97,task_c0cf3e2e619d4a4baa9b1a30803039ff
int_d15d118e07b1,task_c0cf3e2e619d4a4baa9b1a30803039ff
int_5ca1bece2cc9,task_c0cf3e2e619d4a4baa9b1a30803039ff
int_df249496b68b,task_6dc233f1ce30468b8929c1f0c44edb87
int_ef1053255770,task_dca3492eaef94069ba03579f6a6198ce
int_596f9fdd029e,task_dca3492eaef94069ba03579f6a6198ce
int_df249496b68b,task_dca3492eaef94069ba03579f6a6198ce
int_704178553688,task_0364b5cdc0424b6bafb95bb4a1abb090
int_df249496b68b,task_b4db49aaa0084d20af27e0b13cfad29b
int_8c4115becbd4,task_b4db49aaa0084d20af27e0b13cfad29b
int_ef1053255770,task_b4db49aaa0084d20af27e0b13cfad29b
int_d15d118e07b1,task_6bb19237a31d4ec2ab763213c138f3fd
int_ef1053255770,task_6bb19237a31d4ec2ab763213c138f3fd
int_596f9fdd029e,task_848411595a704eafb6b354c254b13ac0
int_506d3960bcf9,task_848411595a704eafb6b354c254b13ac0
int_a65a016b6d3e,task_cc84b247ac0c47efb12079550a2f533f
int_ef1053255770,task_cc84b247ac0c47efb12079550a2f533f
int_ea105561966f,task_cc84b247ac0c47efb12079550a2f533f
int_704178553688,task_1966d2e33915454ba4cc4a6024759a29
int_596f9fdd029e,task_1966d2e33915454ba4cc4a6024759a29
int_8c99ba6d4604,task_1966d2e33915454ba4cc4a6024759a29
int_acb881451b97,task_fd385b8047b94ec6b4305ecaeba9658c
int_704178553688,task_fd385b8047b94ec6b4305ecaeba9658c
int_506d3960bcf9,task_fd385b8047b94ec6b4305ecaeba9658c
int_ef1053255770,task_38640bf6c00e450eadd7be6654fe1ab7
int_827ffdc85f3f,task_38640bf6c00e450eadd7be6654fe1ab7
int_8c99ba6d4604,task_eed6f428aacb43e98fbef8738d3cab8d
int_df249496b68b,task_eed6f428aacb43e98fbef8738d3cab8d
int_9126e51bb3e9,task_eed6f428aacb43e98fbef8738d3cab8d
int_8c99ba6d4604,task_0aad5be815984a1d94163a90181cbd28
int_9126e51bb3e9,task_836e88de9058426787409e402197ee47
int_acb881451b97,task_836e88de9058426787409e402197ee47
int_5ca1bece2cc9,task_707140795c0f433f960d245435c26722
int_ea105561966f,task_707140795c0f433f960d245435c26722
int_ef1053255770,task_7f3f44e3f43c4b3180c451086cca40ce
int_df249496b68b,task_7f3f44e3f43c4b3180c451086cca40ce
int_8c4115becbd4,task_7f3f44e3f43c4b3180c451086cca40ce
int_64f52b75d39c,task_b15e81382a8b4e5187d7289bda2f598c
int_115243d6c773,task_b15e81382a8b4e5187d7289bda2f598c
int_6af4510c4ab6,task_6b08e1adcc4b413f8622384e266b84be
int_6af4510c4ab6,task_e54b0d11a15a4abbb0ec251315893176
int_62a3e2a7d2f0,task_e54b0d11a15a4abbb0ec251315893176
int_c38978cb1209,task_7aa7e8c64beb4ea2aff34395ad20872a
int_62a3e2a7d2f0,task_7aa7e8c64beb4ea2aff34395ad20872a
int_7156173de01b,task_7aa7e8c64beb4ea2aff34395ad20872a
int_7156173de01b,task_e9ee9483ca36443ba0437c3866cf69cd
int_4cd911926603,task_446573061a74481b9f78a7dd1c87cc51
int_c38978cb1209,task_af1910c725a045e5bc261f08dbe22ad5
int_115243d6c773,task_3fb4825f178a4576a6623c8e372ece9f
int_7156173de01b,task_3fb4825f178a4576a6623c8e372ece9f
int_c38978cb1209,task_377e045555444297aa92cd1420bf1a9b
int_08e79aca562a,task_465d559ae0724df4943ace8dddd57ddf
int_c38978cb1209,task_465d559ae0724df4943ace8dddd57ddf
int_115243d6c773,task_70db565fb1594fe49d23268ad211e2d6
int_2c58f1da845d,task_70db565fb1594fe49d23268ad211e2d6
int_62a3e2a7d2f0,task_443672c74d544333a2916842a9083664
int_08c324326c2d,task_fb4d9e1c36b7410090eb643355e1fb26
int_97e6a05e68f4,task_fa564669905a4f4ab002cf0963046a7d
int_62a3e2a7d2f0,task_fa564669905a4f4ab002cf0963046a7d
int_08e79aca562a,task_fa564669905a4f4ab002cf0963046a7d
int_6af4510c4ab6,task_b2ec94babc964f0dbdcd397f9216c296
int_115243d6c773,task_b2ec94babc964f0dbdcd397f9216c296
int_7156173de01b,task_b2ec94babc964f0dbdcd397f9216c296
int_6af4510c4ab6,task_e9559d643bb04c018ea8e3a42b200cc4
int_08c324326c2d,task_e9559d643bb04c018ea8e3a42b200cc4
int_7156173de01b,task_e9559d643bb04c018ea8e3a42b200cc4
int_6af4510c4ab6,task_029c98c019b8418aa5d737d0e6c5f05d
int_c38978cb1209,task_029c98c019b8418aa5d737d0e6c5f05d
int_62a3e2a7d2f0,task_141138da15654bb18f1f2b2f60c46f62
int_b75e614a096a,task_141138da15654bb18f1f2b2f60c46f62
int_97e6a05e68f4,task_e06883b466f14ca891d6a2f1e82a2aa6
int_4cd911926603,task_e06883b466f14ca891d6a2f1e82a2aa6
int_97e6a05e68f4,task_4bdcd4c14adf451abd185d08880a09c2
int_6af4510c4ab6,task_4bdcd4c14adf451abd185d08880a09c2
int_4cd911926603,task_4bdcd4c14adf451abd185d08880a09c2
int_7156173de01b,task_e670f6f5e3d04980a4a8d0f1392e10c8
int_c38978cb1209,task_e670f6f5e3d04980a4a8d0f1392e10c8
int_64f52b75d39c,task_e670f6f5e3d04980a4a8d0f1392e10c8
int_97e6a05e68f4,task_321a2141513640ed968617a4002f3257
int_6375690e1426,task_aacf419564c7486183c61ca3348ced10
int_11e589830b1b,task_aacf419564c7486183c61ca3348ced10
int_11e589830b1b,task_b8e3b6b46a6943a2987104c9471d4eca
int_4329a1fbadb8,task_b8e3b6b46a6943a2987104c9471d4eca
int_0d27d7dcf01d,task_b8e3b6b46a6943a2987104c9471d4eca
int_4329a1fbadb8,task_5ce8898c44d1434a862472ed5b28ed74
int_4329a1fbadb8,task_cea4be73c2ab4f63aae3aa7d0cd74049
int_4329a1fbadb8,task_ab45a4d87db848709740c035456f5892
int_6375690e1426,task_594e676c3f894213892e1e0e918b947b
int_64c7eeb85ac6,task_d5020e8f13544ec1ae9192c22bf15df6
int_4329a1fbadb8,task_d5020e8f13544ec1ae9192c22bf15df6
int_0d27d7dcf01d,task_d5020e8f13544ec1ae9192c22bf15df6
int_11e589830b1b,task_7d4eb8087969476fab92df9f12fe47cb
int_6375690e1426,task_3fdc26a7f179440f92297bbc036c3cf3
int_64c7eeb85ac6,task_3fdc26a7f179440f92297bbc036c3cf3
int_c44870a500fc,task_5459f1f239b64f6da82389af067480cf
int_0d27d7dcf01d,task_5459f1f239b64f6da82389af067480cf
int_11e589830b1b,task_5459f1f239b64f6da82389af067480cf
int_4329a1fbadb8,task_04bb34876d914f829e2175612d8e5dbe
int_c44870a500fc,task_04bb34876d914f829e2175612d8e5dbe
int_11e589830b1b,task_04bb34876d914f829e2175612d8e5dbe
int_4329a1fbadb8,task_4ac6c414c4ec4c0c8788fe93707d759a
int_64c7eeb85ac6,task_4ac6c414c4ec4c0c8788fe93707d759a
int_4329a1fbadb8,task_58c74d98bf0c4dbbbf13a67deb4ece9a
int_0d27d7dcf01d,task_80aef16d82f441f08e51f6147281b85d
int_6375690e1426,task_80aef16d82f441f08e51f6147281b85d
int_c44870a500fc,task_bddc5fe9ab39487cbe0d381caeec51fb
int_0d27d7dcf01d,task_bddc5fe9ab39487cbe0d381caeec51fb
int_6375690e1426,task_4392d791b1fa4350b04f5723f22cafd3
int_0d27d7dcf01d,task_4392d791b1fa4350b04f5723f22cafd3
int_64c7eeb85ac6,task_4392d791b1fa4350b04f5723f22cafd3
int_11e589830b1b,task_da7aeed6328348b39c9f39543df2293f
int_0d27d7dcf01d,task_e4d3ba668cd1488a88d02b91c0e4301c
int_64c7eeb85ac6,task_e4d3ba668cd1488a88d02b91c0e4301c
int_11e589830b1b,task_df37d46bd8864a149edd690ddf2cabf1
int_11e589830b1b,task_46e70a0a778b4fb0b9172cbb107586bc
int_6375690e1426,task_46e70a0a778b4fb0b9172cbb107586bc
int_64c7eeb85ac6,task_157eefc7ba024a5f9d6abac1025ca7ee
int_11e589830b1b,task_157eefc7ba024a5f9d6abac1025ca7ee
int_c44870a500fc,task_157eefc7ba024a5f9d6abac1025ca7ee
int_c44870a500fc,task_798f414648944b5e8c0ab76b98b6c592
int_4329a1fbadb8,task_798f414648944b5e8c0ab76b98b6c592
int_80daa4cc2894,task_4ca79d9229744476b0e4cdc4f56e0800
int_43ce0659340f,task_4ca79d9229744476b0e4cdc4f56e0800
int_440e5fb782b6,task_b8e615c6dfbc4b22be0fd1f79694449e
int_43ce0659340f,task_b8e615c6dfbc4b22be0fd1f79694449e
int_6b10ce7234aa,task_b8e615c6dfbc4b22be0fd1f79694449e
int_62cd9464da7d,task_e8a6b834cd144cdb919b489883458a84
int_80daa4cc2894,task_e37243794827438faacc39ba8efc5505
int_6b10ce7234aa,task_fab007ad0b7844ab8f2a435ccd9b26b6
int_c8150552d9c5,task_fab007ad0b7844ab8f2a435ccd9b26b6
int_689cf5a65936,task_fab007ad0b7844ab8f2a435ccd9b26b6
int_37e4ff41e593,task_1d7c44bcdfa841b48dd70870df6e61f5
int_c8150552d9c5,task_06107ffa0f554653971d83df9e12f9ae
int_a1269f85cad6,task_09b9f844040342e389217e8983506b56
int_f3fdd8bfeabd,task_ae160956a3a046a9a4a086828e0dfec8
int_43ce0659340f,task_ae160956a3a046a9a4a086828e0dfec8
int_80daa4cc2894,task_36e6d3f035c44c8c9415a77e7b005ea9
int_440e5fb782b6,task_36e6d3f035c44c8c9415a77e7b005ea9
int_80daa4cc2894,task_71b252f480c34f11acaa1aeb832a98a9
int_80daa4cc2894,task_ba8b6324fbda4554bcc3f701d44d45d0
int_f3fdd8bfeabd,task_ba8b6324fbda4554bcc3f701d44d45d0
int_2791e03d5509,task_ba8b6324fbda4554bcc3f701d44d45d0
int_62cd9464da7d,task_acada9eb5dd64257966d79ac9eef0900
int_80daa4cc2894,task_f4a492c94e8e4b06940f9d72de7e2be8
int_43ce0659340f,task_885e4fcac7e949648f2faf5070d9fbdb
int_62cd9464da7d,task_885e4fcac7e949648f2faf5070d9fbdb
int_689cf5a65936,task_885e4fcac7e949648f2faf5070d9fbdb
int_6b10ce7234aa,task_2f411ac3a5bf4c34974f2327cb7492b1
int_37e4ff41e593,task_2f411ac3a5bf4c34974f2327cb7492b1
int_62cd9464da7d,task_1e25c8daac834bff988f5736a635c3bb
int_80daa4cc2894,task_9477e3686c764320884566141e710a6b
int_6b10ce7234aa,task_36fa524caee943e8b09862097993c168
int_c8150552d9c5,task_6b62d7a76fdd421b83bc24c876cd3d39
int_43ce0659340f,task_4f307bf026fa4c8da78bdfc80265abca
int_f3fdd8bfeabd,task_4f307bf026fa4c8da78bdfc80265abca
int_80daa4cc2894,task_a8d77579c63143ab8cba9b40fafef7c3
int_2791e03d5509,task_a8d77579c63143ab8cba9b40fafef7c3
int_6b10ce7234aa,task_a8d77579c63143ab8cba9b40fafef7c3
int_f3fdd8bfeabd,task_e1858e18278b4c8182f84c1d68a9c49c
int_80daa4cc2894,task_e1858e18278b4c8182f84c1d68a9c49c
int_a1269f85cad6,task_e85d557c396243d48ef930f1e63ab17c
int_80daa4cc2894,task_e85d557c396243d48ef930f1e63ab17c
int_37e4ff41e593,task_e85d557c396243d48ef930f1e63ab17c
int_39dc865c86da,task_7672e52544c84ceb878e21589d1a17cc
int_b7b376c217be,task_7672e52544c84ceb878e21589d1a17cc
int_454346931355,task_fb1fa6335fa542e2bc1947e3f282a702
int_5c9173b46dc2,task_fb1fa6335fa542e2bc1947e3f282a702
int_f3fbc1d52af8,task_fb1fa6335fa542e2bc1947e3f282a702
int_6cf416d68891,task_c055dd70715c45cfa7f7af1bb8fa7d5b
int_454346931355,task_c055dd70715c45cfa7f7af1bb8fa7d5b
int_b7b376c217be,task_c055dd70715c45cfa7f7af1bb8fa7d5b
int_0eaffb0523bf,task_45d7a24a39dc4c208ae258209e432fff
int_454346931355,task_147035e100834881ba9c4b64d84c980f
int_6cf416d68891,task_147035e100834881ba9c4b64d84c980f
int_0eaffb0523bf,task_147035e100834881ba9c4b64d84c980f
int_39dc865c86da,task_8fa7a0b54f8f40ab8c5c3a964d718262
int_39dc865c86da,task_d913a90d4f78418c86eb6cc256a32135
int_6cf416d68891,task_d913a90d4f78418c86eb6cc256a32135
int_eb0fbaf76f66,task_d913a90d4f78418c86eb6cc256a32135
int_5c9173b46dc2,task_e9c521df35d34d8aa904d3fd86c51dcb
int_39dc865c86da,task_e9c521df35d34d8aa904d3fd86c51dcb
int_b7b376c217be,task_e9c521df35d34d8aa904d3fd86c51dcb
int_f3fbc1d52af8,task_f6dcfb81d8934e3e971e0e67438b64cf
int_5c9173b46dc2,task_f6dcfb81d8934e3e971e0e67438b64cf
int_f3fbc1d52af8,task_5eb81ec985d14df8b3e1af07a9128de2
int_b7b376c217be,task_5eb81ec985d14df8b3e1af07a9128de2
int_f3fbc1d52af8,task_7b2cd0d142bb4c138fa7d94d9fc48d66
int_39dc865c86da,task_c3af6ae6893e4821aa7f52c5be1ae8f8
int_6cf416d68891,task_c3af6ae6893e4821aa7f52c5be1ae8f8
int_5c9173b46dc2,task_42216e8b01ec4e7db2f5f61fe65fbbb6
int_a8dbb61608b2,task_42216e8b01ec4e7db2f5f61fe65fbbb6
int_454346931355,task_42216e8b01ec4e7db2f5f61fe65fbbb6
int_b7b376c217be,task_6d336b1bf61142a8909a9a6573afad89
int_f3fbc1d52af8,task_6d336b1bf61142a8909a9a6573afad89
int_f3fbc1d52af8,task_9e7e604c9c8d438fa700ed878ff6e829
int_b7b376c217be,task_9e7e604c9c8d438fa700ed878ff6e829
int_a8dbb61608b2,task_e4a53cd2856d42b5acec033c0656b18b
int_454346931355,task_e4a53cd2856d42b5acec033c0656b18b
int_a8dbb61608b2,task_8e9f9c7b68bc41f79956e3d31728b4f3
int_39dc865c86da,task_8e9f9c7b68bc41f79956e3d31728b4f3
int_5c9173b46dc2,task_8e9f9c7b68bc41f79956e3d31728b4f3
int_9eb391be953c,task_26323a1ed1614d73a50cd94d8ab9749d
int_f3fbc1d52af8,task_f7aa3c415c3d44b3a806968bb199a5e8
int_39dc865c86da,task_f7aa3c415c3d44b3a806968bb199a5e8
int_a8dbb61608b2,task_f7aa3c415c3d44b3a806968bb199a5e8
int_9eb391be953c,task_eb35e311c87a413189a7b260fabc58d3
int_a8dbb61608b2,task_0056b6c6e27341af83a007dd0b493b89
int_eb0fbaf76f66,task_0056b6c6e27341af83a007dd0b493b89
int_39dc865c86da,task_6f6461ad74f8427f9fe50664a86348b0
int_0eaffb0523bf,task_6f6461ad74f8427f9fe50664a86348b0
int_454346931355,task_2916e0ced3a544baba9f3b76b345f430
int_4a2915ad6b74,task_a59a6950790a403487ef0859a9a7ab4b
int_336a48a82e97,task_a59a6950790a403487ef0859a9a7ab4b
int_697207f11f38,task_a59a6950790a403487ef0859a9a7ab4b
int_d08cf5859f9b,task_e0dd510944294fec824be23e9f35ec9d
int_79ceeb8a79c8,task_56a2daedfc6849ca8ab39672cc5eecf8
int_78416f5702fb,task_56a2daedfc6849ca8ab39672cc5eecf8
int_73f205b8e2f0,task_56a2daedfc6849ca8ab39672cc5eecf8
int_336a48a82e97,task_c560ca91fda04a8798bcdf3eafa17e90
int_1c1000c83169,task_99c6f45ec3bd4a07a6d72542ba97f326
int_718a7300f2da,task_38782168bf68478caf9166bf9fa20181
int_1c1000c83169,task_92acfb2a14634e69ba31b34432f490d6
int_d08cf5859f9b,task_066627e8bf0f4ad6bc055422edeb7bc3
int_78416f5702fb,task_066627e8bf0f4ad6bc055422edeb7bc3
int_697207f11f38,task_066627e8bf0f4ad6bc055422edeb7bc3
int_73f205b8e2f0,task_0ff08c1a1bbb440da9c1164846e4e519
int_4e69c7338773,task_0ff08c1a1bbb440da9c1164846e4e519
int_1c1000c83169,task_f6628bce9371417b97e396b1f1b561f1
int_336a48a82e97,task_f6628bce9371417b97e396b1f1b561f1
int_78416f5702fb,task_75792b67d45c448eaa48b334daeeb0d9
int_f2772620fab7,task_75792b67d45c448eaa48b334daeeb0d9
int_336a48a82e97,task_d880f7131b3e4b6a96de2b51f0dfefa9
int_cb585ae9f1b5,task_d880f7131b3e4b6a96de2b51f0dfefa9
int_697207f11f38,task_0892583a4f0e46da8c42522a8472cf0b
int_f2772620fab7,task_0892583a4f0e46da8c42522a8472cf0b
int_786f00fe9495,task_0892583a4f0e46da8c42522a8472cf0b
int_4a2915ad6b74,task_b76a7f497f8944238c9ee031bbe1af36
int_0632b5f5fc0f,task_b76a7f497f8944238c9ee031bbe1af36
int_74a9239ce558,task_3b6f8e08172f4c0b9db7b806605bcc27
int_4a2915ad6b74,task_3b6f8e08172f4c0b9db7b806605bcc27
int_d08cf5859f9b,task_53bc2841d4ae4de6a4ff557d782b2f22
int_4e69c7338773,task_53bc2841d4ae4de6a4ff557d782b2f22
int_79ceeb8a79c8,task_53bc2841d4ae4de6a4ff557d782b2f22
int_697207f11f38,task_27f2e87d2cfe4a6aadfbe6071b053fd6
int_d08cf5859f9b,task_27f2e87d2cfe4a6aadfbe6071b053fd6
int_cb585ae9f1b5,task_66a2b2f48e4546b8a74418c3337b3b10
int_718a7300f2da,task_66a2b2f48e4546b8a74418c3337b3b10
int_1c1000c83169,task_66a2b2f48e4546b8a74418c3337b3b10
int_1c1000c83169,task_9c547c37aa624f0abad46ec2947d147b
int_1c1000c83169,task_8b04537c76b942518d64189f050d4d72
int_74a9239ce558,task_8b04537c76b942518d64189f050d4d72
int_4e69c7338773,task_8b04537c76b942518d64189f050d4d72
int_4a2915ad6b74,task_73076fae9eef42dbb55b9f4abdb7f6c2
int_78416f5702fb,task_73076fae9eef42dbb55b9f4abdb7f6c2
int_73f205b8e2f0,task_73076fae9eef42dbb55b9f4abdb7f6c2
int_0632b5f5fc0f,task_0827fdfe994149309a588e028104b05c
int_74a9239ce558,task_0827fdfe994149309a588e028104b05c
int_697207f11f38,task_88d2386d81f042779e8ffb5487a1da57
int_cb585ae9f1b5,task_cb4487a6bb884aae808af9d58e7c2182
int_336a48a82e97,task_1328515d27634c8f9bd20c7fcbe14d29
int_4e69c7338773,task_1328515d27634c8f9bd20c7fcbe14d29
int_6bd0ee600d89,task_6a3696f8babd42e7ae6bc6a74a1c1e9b
int_58a793081513,task_4169d5e1e8c348f3befa49c4c52b7135
int_ce4a7d874acf,task_4169d5e1e8c348f3befa49c4c52b7135
int_14cbb846ace2,task_4169d5e1e8c348f3befa49c4c52b7135
int_fd5f157fe54b,task_f953947bdcea4aa2b4fe726e6447fd92
int_4b563e53335a,task_f953947bdcea4aa2b4fe726e6447fd92
int_58a793081513,task_28469b4f479c44c4b20da5dc617fa27b
int_19461fc83637,task_04208c88f2c84f84ae4c56a6cd9964ac
int_86e9f582bcee,task_494c7ca684bb4af3b5757721ef4a05d0
int_6bd0ee600d89,task_494c7ca684bb4af3b5757721ef4a05d0
int_a2d23ae3324b,task_494c7ca684bb4af3b5757721ef4a05d0
int_a2d23ae3324b,task_530cccdca04f482696c0a6fa327a27f5
int_2762fd687e06,task_530cccdca04f482696c0a6fa327a27f5
int_547420a3e221,task_3631db1ffed84d91b6f5481c98082609
int_ce4a7d874acf,task_3631db1ffed84d91b6f5481c98082609
int_14cbb846ace2,task_301f86f00e4543e6b7bde89f042615d7
int_19461fc83637,task_9b7e9af0beb34b72bb8c16b5140ceff5
int_a2d23ae3324b,task_9b7e9af0beb34b72bb8c16b5140ceff5
int_58a793081513,task_9b7e9af0beb34b72bb8c16b5140ceff5
int_6bd0ee600d89,task_bf2cdcf556ae4337afbe9893ad422152
int_86e9f582bcee,task_bf2cdcf556ae4337afbe9893ad422152
int_14cbb846ace2,task_e993eba50e6f4f4ebdaf1495fc079b39
int_fd5f157fe54b,task_e993eba50e6f4f4ebdaf1495fc079b39
int_a2d23ae3324b,task_e993eba50e6f4f4ebdaf1495fc079b39
int_fd5f157fe54b,task_17510424d71842f39edfbcefd4aed79f
int_2762fd687e06,task_17510424d71842f39edfbcefd4aed79f
int_6bd0ee600d89,task_eec7a6de783841e6b3955a989f715654
int_fd5f157fe54b,task_eec7a6de783841e6b3955a989f715654
int_4b563e53335a,task_273e022734a14ba5931ef3ffc31125bd
int_58a793081513,task_273e022734a14ba5931ef3ffc31125bd
int_2762fd687e06,task_273e022734a14ba5931ef3ffc31125bd
int_86e9f582bcee,task_27fd6bdbe12244dabf353643f04d762b
int_d47c94c5d9be,task_a072938d68f64b0aa145eec095c489f5
int_fd5f157fe54b,task_77593ec50a014ca184c8bd0aa6113cc7
int_01fd05a1099d,task_77593ec50a014ca184c8bd0aa6113cc7
int_d47c94c5d9be,task_77593ec50a014ca184c8bd0aa6113cc7
int_a2d23ae3324b,task_fb3e61f9b2124ca5b72b3fa4cf4aa9e7
int_14cbb846ace2,task_fb3e61f9b2124ca5b72b3fa4cf4aa9e7
int_4b563e53335a,task_fb3e61f9b2124ca5b72b3fa4cf4aa9e7
int_ce4a7d874acf,task_9f1d354656c64cfeaf98959021a1aa95
int_a2d23ae3324b,task_9f1d354656c64cfeaf98959021a1aa95
int_58a793081513,task_9f1d354656c64cfeaf98959021a1aa95
int_ce4a7d874acf,task_6d528f4c0d7b4228b34603c3434b28f1
int_e91007e2eafe,task_fa176fdc87e64ed58b8cb3e6aa6d90ea
int_e91007e2eafe,task_0863a56305fa4e42879fb2de8bdb74fd
int_27656d4c5ba4,task_0863a56305fa4e42879fb2de8bdb74fd
int_c2a207fcde51,task_233b567c6d2c4b25b68001721c04df31
int_b8214ef29912,task_233b567c6d2c4b25b68001721c04df31
int_2ce2679605da,task_d5b17d9c27b1403da44a11b11e7febdc
int_b8214ef29912,task_f7bc47118511453fad9530506fb2949e
int_ae839607bc57,task_f7bc47118511453fad9530506fb2949e
int_b1573a12e075,task_f7bc47118511453fad9530506fb2949e
int_b1573a12e075,task_a7417ad49f244b78a120c0922c279b68
int_ae839607bc57,task_21bc9f38a13d4376ac70b84c35639b8e
int_ae839607bc57,task_2326689b909142eb979b4b91d5657b90
int_2ce2679605da,task_2326689b909142eb979b4b91d5657b90
int_ae839607bc57,task_b7985a45d77349d48dcd37543c188db3
int_b1573a12e075,task_b7985a45d77349d48dcd37543c188db3
int_be69f4ce3fad,task_434819c257704c1daddc04a85bcc103d
int_27656d4c5ba4,task_64e8b2b15d7647a8a267b4418875792f
int_be69f4ce3fad,task_64e8b2b15d7647a8a267b4418875792f
int_7bc146e5ad0b,task_64e8b2b15d7647a8a267b4418875792f
int_e91007e2eafe,task_0be38a8b85e1452fafe6cb54734f154d
int_be69f4ce3fad,task_0be38a8b85e1452fafe6cb54734f154d
int_27656d4c5ba4,task_0be38a8b85e1452fafe6cb54734f154d
int_e5b84b1d5a74,task_90857dc2078941d0add6964f645c8ce4
int_b1573a12e075,task_90857dc2078941d0add6964f645c8ce4
int_0b759b77cbf1,task_90857dc2078941d0add6964f645c8ce4
int_c2a207fcde51,task_65d849a1d7bd445baf20fd67e330885b
int_ae839607bc57,task_65d849a1d7bd445baf20fd67e330885b
int_7bc146e5ad0b,task_2719799dd97d4426abda1287b6d7c834
int_b8214ef29912,task_2719799dd97d4426abda1287b6d7c834
int_27656d4c5ba4,task_9b06ba6056264bb3a7f9b7757399795c
int_be69f4ce3fad,task_9b06ba6056264bb3a7f9b7757399795c
int_7bc146e5ad0b,task_9b06ba6056264bb3a7f9b7757399795c
int_b8214ef29912,task_e778a36b58f0426b9e080f0c53f5d72a
int_0b759b77cbf1,task_40ca3736c33041779f1b877cd565d4f5
int_2ce2679605da,task_40ca3736c33041779f1b877cd565d4f5
int_ae839607bc57,task_97aad9eb06db42b9a18394cb87191dc3
int_c2a207fcde51,task_97aad9eb06db42b9a18394cb87191dc3
int_c12d9bdbf968,task_597cb7a9b3c943678786662d6ec518b6
int_a8a7f99790a1,task_597cb7a9b3c943678786662d6ec518b6
int_0fb9749b9172,task_bb41d7d08fc443f797791957b2b8b9f7
int_b706b1cbd90a,task_b4dfd1b1eb404de0aa6493d9156abd45
int_a8a7f99790a1,task_b4dfd1b1eb404de0aa6493d9156abd45
int_746fd4c3e398,task_b4dfd1b1eb404de0aa6493d9156abd45
int_0fb9749b9172,task_d3ce2707833d41949d99eeef94468e8e
int_7e2828885c47,task_d3ce2707833d41949d99eeef94468e8e
int_c12d9bdbf968,task_d3ce2707833d41949d99eeef94468e8e
int_6fea854c9172,task_f169046a36764050aa2ed0b5dd8af937
int_bf3681d72110,task_e811824bbe434038a28f6ab75c1e1b73
int_a8a7f99790a1,task_e811824bbe434038a28f6ab75c1e1b73
int_c7c8f02e030c,task_e811824bbe434038a28f6ab75c1e1b73
int_14b4703f5ba3,task_26532fedeff84869ac2e90e7274d77f0
int_539706d4470b,task_26532fedeff84869ac2e90e7274d77f0
int_c7c8f02e030c,task_26532fedeff84869ac2e90e7274d77f0
int_c7c8f02e030c,task_abf75b33ac4347fb80cadc555c9d46a8
int_6fea854c9172,task_abf75b33ac4347fb80cadc555c9d46a8
int_a8a7f99790a1,task_abf75b33ac4347fb80cadc555c9d46a8
int_14b4703f5ba3,task_373352763e85417987334fc4a1ef0486
int_c12d9bdbf968,task_373352763e85417987334fc4a1ef0486
int_7e2828885c47,task_373352763e85417987334fc4a1ef0486
int_0fb9749b9172,task_fa1cfd3af18e4b1280933f24b3af423d
int_c866bcc423f0,task_fa1cfd3af18e4b1280933f24b3af423d
int_7e2828885c47,task_fa1cfd3af18e4b1280933f24b3af423d
int_7e2828885c47,task_1db977399b3141ed8d946631e8371bc5
int_746fd4c3e398,task_49937ef3fa2a46d8a60189f12797b9e9
int_a8a7f99790a1,task_49937ef3fa2a46d8a60189f12797b9e9
int_bf3681d72110,task_49937ef3fa2a46d8a60189f12797b9e9
int_6fea854c9172,task_133b70ec1a7d45ec9607981b9401b1ca
int_c12d9bdbf968,task_2e320a598fba4608b62ac49a51c68fc5
int_c866bcc423f0,task_2e320a598fba4608b62ac49a51c68fc5
int_a8a7f99790a1,task_ad7c06fbb0854cbd81d496a1eb2461fe
int_c12d9bdbf968,task_792e1b682c1f441ba5d7ebde0b211ef9
int_b706b1cbd90a,task_792e1b682c1f441ba5d7ebde0b211ef9
int_c7c8f02e030c,task_c0cc5b8ba9844db8a27d57e0b1e46e56
int_14b4703f5ba3,task_228bfe035aee4e9eacada64cd3e5d1bd
int_539706d4470b,task_a735c53c67244b189ab35dd9be7317bd
int_acbae16c85a0,task_a735c53c67244b189ab35dd9be7317bd
int_14b4703f5ba3,task_a735c53c67244b189ab35dd9be7317bd
int_0fb9749b9172,task_00f76b4b66644ade865dc2ba65dbdf3e
int_c866bcc423f0,task_00f76b4b66644ade865dc2ba65dbdf3e
int_0fb9749b9172,task_ad554014ac434fad86f48673eb630f2e
int_bf3681d72110,task_ad554014ac434fad86f48673eb630f2e
int_c12d9bdbf968,task_c8bc396a775a442c922e1ae467e6f455
int_539706d4470b,task_c8bc396a775a442c922e1ae467e6f455
int_bf3681d72110,task_5925fcd44d0d498786cf0c86feea19c4
int_c866bcc423f0,task_28c966d0fe5c4388843f638d527c717d
